pair_num,option,junction,junction_description,forward,reverse,amplicon_size,forward_tm,reverse_tm,forward_gc,reverse_gc,amplicon_tm,indiv_als,other_transcripts,other_genes,pcod_trans,pcod_genes,other_genes_rpred,other_transcripts_rpred,pair_score
Pair0,1,ENSE00001389758-ENSE00002263633,"does NOT detect: ENST00000341290, ENST00000694917",CAAACACCAGGCACATGTCA,CTTAGACGGGCAGGGGAG,76,58.96876477869199,58.96876477869199,50.0,50.0,84.8410377568498,0,,,0,0,0,0,0.0
Pair1,1,ENSE00001389758-ENSE00002263633,"does NOT detect: ENST00000341290, ENST00000694917",ACAAACACCAGGCACATGTC,CTTAGACGGGCAGGGGAG,77,58.967986052703,58.967986052703,50.0,50.0,84.62828997831255,0,,,0,0,0,0,4.72391701123724
Pair2,1,ENSE00001389758-ENSE00002263633,"does NOT detect: ENST00000341290, ENST00000694917",CAAACACCAGGCACATGTCA,TCTTAGACGGGCAGGGGA,77,58.96876477869199,58.96876477869199,50.0,50.0,84.62828997831255,0,,,0,0,0,0,22.73605347560077
Pair3,1,ENSE00001389758-ENSE00002263633,"does NOT detect: ENST00000341290, ENST00000694917",ACAAACACCAGGCACATGTC,TCTTAGACGGGCAGGGGA,78,58.967986052703,58.967986052703,50.0,50.0,84.42099727101983,0,,,0,0,0,0,27.45997048683801
Pair4,1,ENSE00001389758-ENSE00002263633,"does NOT detect: ENST00000341290, ENST00000694917",TATGCGGATCTGACGTCCTC,CTTAGACGGGCAGGGGAG,118,59.04771997299059,59.04771997299059,55.0,55.0,87.0018316908373,0,,,0,0,0,0,100.0
