pair_num,option,junction,junction_description,forward,reverse,amplicon_size,forward_tm,reverse_tm,forward_gc,reverse_gc,amplicon_tm,pair_penalty,indiv_als,other_transcripts,other_genes,pcod_trans,pcod_genes
Pair30,1,ENSE00000684415-ENSE00000684425,"does NOT detect: ENST00000568715, ENST00000564864",TCCTGACATTGACCTTGGCA,GCCAAATGAACCGGTCCTTG,140,59.22950066542069,59.22950066542069,50.0,50.0,86.43088738090994,0.9858649434793278,0,,,0,0
Pair34,1,ENSE00000684415-ENSE00000684425,"does NOT detect: ENST00000568715, ENST00000564864",TCCTGACATTGACCTTGGCA,CCAAATGAACCGGTCCTTGA,139,59.22950066542069,59.22950066542069,50.0,50.0,86.26521420516484,1.1337874931220426,0,,,0,0
Pair35,1,ENSE00000684415-ENSE00000684425,"does NOT detect: ENST00000568715, ENST00000564864",CTCCTGACATTGACCTTGGC,GCCAAATGAACCGGTCCTTG,141,58.54265363527509,58.54265363527509,55.0,55.0,86.59421058253102,1.2137106427835531,0,,,0,0
