pair_num,option,junction,junction_description,forward,reverse,amplicon_size,forward_tm,reverse_tm,forward_gc,reverse_gc,amplicon_tm,pair_penalty,indiv_als,other_transcripts,other_genes,pcod_trans,pcod_genes
Pair34,2,ENSE00003498683-ENSE00001852332,does NOT detect: ENST00000423557,GAGCCCCAGATCCGATTTTG,CGTGGAGCAGGTGAAGAATG,194,58.68718533723791,58.68718533723791,55.0,55.0,83.33059283009993,0.3947062693852672,0,,,0,0
Pair37,2,ENSE00003498683-ENSE00001852332,does NOT detect: ENST00000423557,GAGCCCCAGATCCGATTTTG,GTGGAGCAGGTGAAGAATGC,193,58.68718533723791,58.68718533723791,55.0,55.0,83.19521010481817,0.505318522929258,0,,,0,0
Pair42,2,ENSE00003498683-ENSE00001852332,does NOT detect: ENST00000423557,CAGAGCCCCAGATCCGATTT,CGTGGAGCAGGTGAAGAATG,196,59.5283827997161,59.5283827997161,55.0,55.0,83.3880302380528,0.610274406339272,0,,,0,0
Pair43,2,ENSE00003498683-ENSE00001852332,does NOT detect: ENST00000423557,GAGCCCCAGATCCGATTTTG,GAAAACAAGAGCAAGGCCGT,211,58.68718533723791,58.68718533723791,55.0,55.0,83.68694696114015,0.6442799973949036,0,,,0,0
Pair45,2,ENSE00003498683-ENSE00001852332,does NOT detect: ENST00000423557,CAGAGCCCCAGATCCGATTT,GTGGAGCAGGTGAAGAATGC,195,59.5283827997161,59.5283827997161,55.0,55.0,83.25433060435317,0.7208866598832628,0,,,0,0
Pair47,2,ENSE00003498683-ENSE00001852332,does NOT detect: ENST00000423557,CAGAGCCCCAGATCCGATTT,GAAAACAAGAGCAAGGCCGT,213,59.5283827997161,59.5283827997161,55.0,55.0,83.7364541146457,0.8598481343489084,0,,,0,0
