pair_num,option,junction,junction_description,forward,reverse,amplicon_size,forward_tm,reverse_tm,forward_gc,reverse_gc,amplicon_tm,pair_penalty,indiv_als,other_transcripts,other_genes,pcod_trans,pcod_genes
Pair95,1,ENSE00003563488-ENSE00003479490,unique to target,TTCTCTCTGTGGAGGTGCTG,CGGCAAGTGAACAAGACCAA,246,59.02786599285207,59.02786599285207,55.0,55.0,88.68710108590415,0.0490678375153947,0,,,0,0
Pair96,1,ENSE00003563488-ENSE00003479490,unique to target,TTCTCTCTGTGGAGGTGCTG,AAGACCAAGATCCACAGCGA,234,59.02786599285207,59.02786599285207,55.0,55.0,88.49792034794291,0.0512253461568548,0,,,0,0
Pair97,1,ENSE00003563488-ENSE00003479490,unique to target,TTCTCTCTGTGGAGGTGCTG,CAAGACCAAGATCCACAGCG,235,59.02786599285207,59.02786599285207,55.0,55.0,88.58711838394946,0.1097575994752446,0,,,0,0
Pair98,1,ENSE00003563488-ENSE00003479490,unique to target,TTCTCTCTGTGGAGGTGCTG,GAGTCCTGAGCACCCTGAAT,216,59.02786599285207,59.02786599285207,55.0,55.0,88.45945880948139,0.1196684076343217,0,,,0,0
