pair_num,option,junction,junction_description,forward,reverse,amplicon_size,forward_tm,reverse_tm,forward_gc,reverse_gc,amplicon_tm,pair_penalty,indiv_als,other_transcripts,other_genes,pcod_trans,pcod_genes
Pair7,2,ENSE00002066325-ENSE00001801835,"does NOT detect: ENST00000304952, ENST00000484667",CAGGTGTCTCACGGTCATCT,CAAAACCCTCATCCTGGACG,94,59.10862733788662,59.10862733788662,55.0,55.0,86.06584178820478,0.5617821112389265,0,,,0,0
Pair8,2,ENSE00002066325-ENSE00001801835,"does NOT detect: ENST00000304952, ENST00000484667",GTGTCTCACGGTCATCTCCA,CAAAACCCTCATCCTGGACG,91,59.11138119365853,59.11138119365853,55.0,55.0,85.74517309519565,0.5645359670108405,0,,,0,0
Pair11,2,ENSE00002066325-ENSE00001801835,"does NOT detect: ENST00000304952, ENST00000484667",TGTCTCACGGTCATCTCCAG,CAAAACCCTCATCCTGGACG,90,58.82259915846947,58.82259915846947,55.0,55.0,85.48168103170359,0.6305556148828373,0,,,0,0
Pair12,2,ENSE00002066325-ENSE00001801835,"does NOT detect: ENST00000304952, ENST00000484667",AGGTGTCTCACGGTCATCTC,CAAAACCCTCATCCTGGACG,93,58.8217242870615,58.8217242870615,55.0,55.0,85.8142975191588,0.6314304862908102,0,,,0,0
