pair_num,option,junction,junction_description,forward,reverse,amplicon_size,forward_tm,reverse_tm,forward_gc,reverse_gc,amplicon_tm,pair_penalty,indiv_als,other_transcripts,other_genes,pcod_trans,pcod_genes
Pair0,2,ENSE00003668395-ENSE00001225918,does NOT detect: ENST00000467712,AACCTGGAGTTTGAGAGCCA,CTTGAGGAATAAGCCGTGGG,180,58.859688488066695,58.859688488066695,50.0,50.0,88.81501436503693,0.8087308349082605,0,,,0,0
Pair1,2,ENSE00003668395-ENSE00001225918,does NOT detect: ENST00000467712,CCTGGAGTTTGAGAGCCAGT,CTTGAGGAATAAGCCGTGGG,178,59.31037702072933,59.31037702072933,55.0,55.0,89.04372847240273,0.978796343704289,0,,,0,0
Pair2,2,ENSE00003668395-ENSE00001225918,does NOT detect: ENST00000467712,ACCTGGAGTTTGAGAGCCAG,CTTGAGGAATAAGCCGTGGG,179,59.31037702072933,59.31037702072933,55.0,55.0,88.92873255249813,0.978796343704289,0,,,0,0
Pair4,2,ENSE00001225918-ENSE00001893383,does NOT detect: ENST00000467712,TTCTGGAGAGCCAAGATCCC,CTGGTGTGGCCTAACTTTGG,178,58.79220873566891,58.79220873566891,55.0,55.0,89.96507678700947,0.4553582054227831,0,,,0,0
Pair5,2,ENSE00001225918-ENSE00001893383,does NOT detect: ENST00000467712,AGACGATTCTGGAGAGCCAA,CTTTGGCTTGAGTGTCCAGG,170,58.43835695042344,58.43835695042344,50.0,50.0,89.77122351536373,0.8037195035135483,0,,,0,0
Pair6,2,ENSE00001225918-ENSE00001893383,does NOT detect: ENST00000467712,AAGACGATTCTGGAGAGCCA,CTTTGGCTTGAGTGTCCAGG,171,58.43835695042344,58.43835695042344,50.0,50.0,89.64659331240536,0.8037195035135483,0,,,0,0
