pair_num,option,junction,junction_description,forward,reverse,amplicon_size,forward_tm,reverse_tm,forward_gc,reverse_gc,amplicon_tm,pair_penalty,indiv_als,other_transcripts,other_genes,pcod_trans,pcod_genes
Pair0,1,ENSE00001443493-ENSE00001069556,unique to target,CCAGCTGATCCTTCATTTGAAAGA,AAAGAAGGCATGCACAGCTC,193,59.29642537482408,59.29642537482408,41.66666666666666,41.66666666666666,88.5060909338337,4.409862716348755,0,ENST00000659642(protein_coding),,1,0
Pair7,1,ENSE00001443493-ENSE00001069556,unique to target,CCAGCTGATCCTTCATTTGAAAGA,AAAAGAAGGCATGCACAGCT,194,59.29642537482408,59.29642537482408,41.66666666666666,41.66666666666666,88.40275777855354,4.631570314641294,0,ENST00000659642(protein_coding),,1,0
Pair8,1,ENSE00001443493-ENSE00001069556,unique to target,CCAGCTGATCCTTCATTTGAAAGA,CAAAAGAAGGCATGCACAGC,195,59.29642537482408,59.29642537482408,41.66666666666666,41.66666666666666,88.51074086076342,4.721837605117059,0,ENST00000659642(protein_coding),,1,0
