pair_num,option,junction,junction_description,forward,reverse,amplicon_size,forward_tm,reverse_tm,forward_gc,reverse_gc,amplicon_tm,pair_penalty,indiv_als,other_transcripts,other_genes,pcod_trans,pcod_genes
Pair0,2,ENSE00002573347-ENSE00002555727,"does NOT detect: ENST00000267843, ENST00000560979",CTCACACACACACACAAGCA,AAGTTCAGTTGCTGTGACGC,239,58.91410710013906,58.91410710013906,50.0,50.0,82.93226215676171,0.4280532413363289,0,,,0,0
Pair1,2,ENSE00002573347-ENSE00002555727,"does NOT detect: ENST00000267843, ENST00000560979",TCACACACACACACAAGCAC,AAGTTCAGTTGCTGTGACGC,238,59.19812758479992,59.19812758479992,50.0,50.0,82.8208033472965,0.5402879262753117,0,,,0,0
Pair2,2,ENSE00002573347-ENSE00002555727,"does NOT detect: ENST00000267843, ENST00000560979",ACACACACACAAGCACACAC,AAGTTCAGTTGCTGTGACGC,234,59.47870898767383,59.47870898767383,50.0,50.0,82.71586906589162,0.8208693291492182,0,,,0,0
Pair3,2,ENSE00002573347-ENSE00002555727,"does NOT detect: ENST00000267843, ENST00000560979",ACACACACACACAAGCACAC,AAGTTCAGTTGCTGTGACGC,236,59.47870898767383,59.47870898767383,50.0,50.0,82.76878084337969,0.8208693291492182,0,,,0,0
Pair4,2,ENSE00002573347-ENSE00002555727,"does NOT detect: ENST00000267843, ENST00000560979",CACACACACACAAGCACACA,AAGTTCAGTTGCTGTGACGC,235,59.47915288653593,59.47915288653593,50.0,50.0,82.82967157543881,0.82131322801132,0,,,0,0
Pair5,2,ENSE00002573347-ENSE00002555727,"does NOT detect: ENST00000267843, ENST00000560979",CACACACACACACAAGCACA,AAGTTCAGTTGCTGTGACGC,237,59.47915288653593,59.47915288653593,50.0,50.0,82.88139973775142,0.82131322801132,0,,,0,0
Pair6,2,ENSE00002573347-ENSE00002555727,"does NOT detect: ENST00000267843, ENST00000560979",GGCTCACACACACACACAAG,AAGTTCAGTTGCTGTGACGC,241,59.6217427849798,59.6217427849798,55.0,55.0,83.15240486757266,0.9639031264551932,0,,,0,0
