pair_num,option,junction,junction_description,forward,reverse,amplicon_size,forward_tm,reverse_tm,forward_gc,reverse_gc,amplicon_tm,pair_penalty,indiv_als,other_transcripts,other_genes,pcod_trans,pcod_genes
Pair0,1,ENSE00001453033-ENSE00000932066,unique to target,ACCTCATCTCAAACATTAAGGAAATGA,TCCCTCTTTTCCACACCCTC,242,59.10987313149792,59.10987313149792,33.333333333333336,33.333333333333336,80.21152492518385,7.174697821831444,0,,,0,0
Pair1,1,ENSE00001453033-ENSE00000932066,unique to target,ACCTCATCTCAAACATTAAGGAAATGA,CCCTCTTTTCCACACCCTCT,241,59.10987313149792,59.10987313149792,33.333333333333336,33.333333333333336,80.26028868500005,7.177993970236969,0,,,0,0
Pair13,1,ENSE00000932065-ENSE00001186623,unique to target,TACCTGCCACATGGAAAGCT,ATGGACAAACACTCGGCCTC,227,59.30176243371784,59.30176243371784,50.0,50.0,82.4330270914197,1.6234149373888158,0,,,0,0
Pair19,1,ENSE00001186623-ENSE00000932063,unique to target,GAGGGTGTGGAAAAGAGGGA,TGTCAGATGAACACCTTGTCAC,210,58.93517530966648,58.93517530966648,55.0,55.0,82.97850642852899,2.531660947113096,0,,,0,0
Pair20,1,ENSE00001186623-ENSE00000932063,unique to target,AGAGGGTGTGGAAAAGAGGG,TGTCAGATGAACACCTTGTCAC,211,58.93187916126095,58.93187916126095,55.0,55.0,82.90969577630602,2.534957095518621,0,,,0,0
Pair36,1,ENSE00000932061-ENSE00000932060,unique to target,AGAAAGGATTTGAGGTGGTTGA,CAGATTTGGGGCTGCAGATG,170,57.5465204750268,57.5465204750268,40.90909090909091,40.90909090909091,83.50063528006962,3.7086052175595223,0,,,0,0
Pair38,1,ENSE00000932061-ENSE00000932060,unique to target,TTGCCAGTTTCGACAGCAAA,CCATTCAGTTTTTCAACCACCTC,172,58.90113115125632,58.90113115125632,45.0,45.0,82.61062160017904,3.7198503845910977,0,,,0,0
Pair70,1,ENSE00003589179-ENSE00001453032,unique to target,GAGCGAAAGTGGGGCTTTAG,TCATAGCTTGTAGCCTGGCC,197,58.9124994875437,58.9124994875437,55.0,55.0,86.43407809882147,0.6175833563683568,0,,,0,0
Pair71,1,ENSE00003589179-ENSE00001453032,unique to target,GGCCAGGCTACAAGCTATGA,TTGGCTGATGTTCAGGTCCA,175,59.530082843912055,59.530082843912055,55.0,55.0,80.96231595233851,0.7595835093327423,0,,,0,0
