pair_num,option,junction,junction_description,forward,reverse,amplicon_size,forward_tm,reverse_tm,forward_gc,reverse_gc,amplicon_tm,pair_penalty,indiv_als,other_transcripts,other_genes,pcod_trans,pcod_genes
Pair4,1,ENSE00003548024-ENSE00003550925,targets all transcripts,ATCCTCTGTAGCAAGGAGGC,GATAGAAAAGGGCCAGGTGC,181,58.87265675266701,58.87265675266701,55.0,55.0,88.70255273213331,0.5209464097678165,0,,,0,0
Pair5,1,ENSE00003548024-ENSE00003550925,targets all transcripts,CTCTGTAGCAAGGAGGCTGA,GATAGAAAAGGGCCAGGTGC,178,58.810247722624126,58.810247722624126,55.0,55.0,88.81339139375105,0.5833554398107026,0,,,0,0
Pair18,1,ENSE00000962012-ENSE00000962013,targets all transcripts,TCTCGGAATTCCTTTGGGGT,GATGGCATGGTGTTCGGTG,170,58.63162620216076,58.63162620216076,50.0,50.0,88.08298822124608,1.5657380921289246,0,,,0,0
Pair19,1,ENSE00000962012-ENSE00000962013,targets all transcripts,TCTCGGAATTCCTTTGGGGTT,GATGGCATGGTGTTCGGTG,170,59.29144855396197,59.29144855396197,47.61904761904762,47.61904761904762,88.08298822124608,2.488812848251655,0,,,0,0
Pair26,1,ENSE00000962014-ENSE00000962015,targets all transcripts,ACAACTTCAACAGGCTCTGC,CATCAGCACCAAAAAGGAGGT,192,58.68718533723791,58.68718533723791,50.0,50.0,86.47508380948138,1.5548572221161407,0,,,0,0
