pair_num,option,junction,junction_description,forward,reverse,amplicon_size,forward_tm,reverse_tm,forward_gc,reverse_gc,amplicon_tm,pair_penalty,indiv_als,other_transcripts,other_genes,pcod_trans,pcod_genes
Pair1,1,ENSE00003785828-ENSE00001182967,"does NOT detect: ENST00000442734, ENST00000437657, ENST00000448127, ENST00000453600, ENST00000451771, ENST00000414884",ATTGTCATAGAGGGCGTGCA,TGTTCAGAAGCTAAAGGTCTTGT,183,59.458607581457386,59.458607581457386,50.0,50.0,82.88022383680378,4.494724595848197,1,,,0,0
Pair5,1,ENSE00003785828-ENSE00001182967,"does NOT detect: ENST00000442734, ENST00000437657, ENST00000448127, ENST00000453600, ENST00000451771, ENST00000414884",ATTGTCATAGAGGGCGTGCA,TGTTCAGAAGCTAAAGGTCTTGTT,183,59.458607581457386,59.458607581457386,50.0,50.0,82.88022383680378,4.895668051498831,1,,,0,0
Pair16,1,ENSE00001182967-ENSE00000707050,"does NOT detect: ENST00000442734, ENST00000437657, ENST00000448127, ENST00000453600, ENST00000451771, ENST00000414884",CTCAAAACCTGGAAAGAGTTTCTC,ACTCCGCGACTCCCTTTTTA,176,57.93394641770493,57.93394641770493,41.66666666666666,41.66666666666666,83.22082244584502,5.094667279444536,1,,,0,0
