pair_num,option,junction,junction_description,forward,reverse,amplicon_size,forward_tm,reverse_tm,forward_gc,reverse_gc,amplicon_tm,pair_penalty,indiv_als,other_transcripts,other_genes,pcod_trans,pcod_genes
Pair18,1,ENSE00000656759-ENSE00001671837,"does NOT detect: ENST00000327555, ENST00000608052",AAACCGTAGAGCCTCTTGGT,GTGAAAATCCGAGCTGAGGC,219,58.650933372452414,58.650933372452414,50.0,50.0,87.24941314738093,0.619376733760987,0,,,0,0
Pair21,1,ENSE00000656759-ENSE00001671837,"does NOT detect: ENST00000327555, ENST00000608052",AACCGTAGAGCCTCTTGGTG,GTGAAAATCCGAGCTGAGGC,218,59.39136011117671,59.39136011117671,55.0,55.0,87.3356055984722,0.6616702173901103,0,,,0,0
Pair23,1,ENSE00000656759-ENSE00001671837,"does NOT detect: ENST00000327555, ENST00000608052",CGTGGACGTTGGAGTAGACA,TTCAGGACACCAAGAGGCTC,194,59.4053978633844,59.4053978633844,55.0,55.0,87.13471654144013,0.7180437469053231,0,,,0,0
