pair_num,option,junction,junction_description,forward,reverse,amplicon_size,forward_tm,reverse_tm,forward_gc,reverse_gc,amplicon_tm,pair_penalty,indiv_als,other_transcripts,other_genes,pcod_trans,pcod_genes
Pair0,1,ENSE00002066325-ENSE00001801835,"does NOT detect: ENST00000304952, ENST00000484667",CAGGTGTCTCACGGTCATCT,CGCCCTCAGAAAAGAGAGCT,76,59.10862733788662,59.10862733788662,55.0,55.0,85.38051144106032,0.8597847431415175,0,,,0,0
Pair2,1,ENSE00002066325-ENSE00001801835,"does NOT detect: ENST00000304952, ENST00000484667",GTGTCTCACGGTCATCTCCA,CGCCCTCAGAAAAGAGAGCT,73,59.11138119365853,59.11138119365853,55.0,55.0,84.95260949441288,0.8625385989134315,0,,,0,0
Pair4,1,ENSE00002066325-ENSE00001801835,"does NOT detect: ENST00000304952, ENST00000484667",TGTCTCACGGTCATCTCCAG,CGCCCTCAGAAAAGAGAGCT,72,58.82259915846947,58.82259915846947,55.0,55.0,84.61223658725916,0.9285582467854284,0,,,0,0
Pair5,1,ENSE00002066325-ENSE00001801835,"does NOT detect: ENST00000304952, ENST00000484667",AGGTGTCTCACGGTCATCTC,CGCCCTCAGAAAAGAGAGCT,75,58.8217242870615,58.8217242870615,55.0,55.0,85.05945880948137,0.9294331181934012,0,,,0,0
