pair_num,option,junction,junction_description,forward,reverse,amplicon_size,forward_tm,reverse_tm,forward_gc,reverse_gc,amplicon_tm,pair_penalty,indiv_als,other_transcripts,other_genes,pcod_trans,pcod_genes
Pair0,1,ENSE00001064299-ENSE00000991995,unique to target,GGCAAGGGTCCTCTGGAG,CTCTATGGCTCGCCCTTCTT,209,59.0061473261394,59.0061473261394,66.66666666666667,66.66666666666667,88.93314302000769,2.250461421793545,0,,,0,0
Pair1,1,ENSE00001064299-ENSE00000991995,unique to target,GAGGCAAGGGTCCTCTGG,CTCTATGGCTCGCCCTTCTT,211,59.0061473261394,59.0061473261394,66.66666666666667,66.66666666666667,88.93339245877047,2.250461421793545,0,,,0,0
Pair2,1,ENSE00001064299-ENSE00000991995,unique to target,GGCAAGGGTCCTCTGGAG,TCTATGGCTCGCCCTTCTTC,208,59.0061473261394,59.0061473261394,66.66666666666667,66.66666666666667,88.83445880948138,2.2528857086431344,0,,,0,0
Pair3,1,ENSE00001064299-ENSE00000991995,unique to target,GAGGCAAGGGTCCTCTGG,TCTATGGCTCGCCCTTCTTC,210,59.0061473261394,59.0061473261394,66.66666666666667,66.66666666666667,88.83564928567185,2.2528857086431344,0,,,0,0
Pair4,1,ENSE00001064299-ENSE00000991995,unique to target,CTCTGGAGGGTCACAGCC,CTCTATGGCTCGCCCTTCTT,199,59.014544307964286,59.014544307964286,66.66666666666667,66.66666666666667,88.51976031701906,2.258858403618433,0,,,0,0
Pair6,1,ENSE00001064299-ENSE00000991995,unique to target,CTCTGGAGGGTCACAGCC,TCTATGGCTCGCCCTTCTTC,198,59.014544307964286,59.014544307964286,66.66666666666667,66.66666666666667,88.41400426402683,2.261282690468022,0,,,0,0
Pair12,1,ENSE00001064299-ENSE00000991995,unique to target,GGCAAGGGTCCTCTGGAG,CTATGGCTCGCCCTTCTTCA,207,59.0061473261394,59.0061473261394,66.66666666666667,66.66666666666667,88.9328887611722,2.540441917692249,0,,,0,0
Pair13,1,ENSE00001064299-ENSE00000991995,unique to target,GAGGCAAGGGTCCTCTGG,CTATGGCTCGCCCTTCTTCA,209,59.0061473261394,59.0061473261394,66.66666666666667,66.66666666666667,88.93314302000769,2.540441917692249,0,,,0,0
Pair14,1,ENSE00001064299-ENSE00000991995,unique to target,CTCTGGAGGGTCACAGCC,CTATGGCTCGCCCTTCTTCA,197,59.014544307964286,59.014544307964286,66.66666666666667,66.66666666666667,88.51529637293315,2.5488388995171363,0,,,0,0
Pair24,1,ENSE00001064299-ENSE00000991995,unique to target,AGGCAAGGGTCCTCTGGA,CTCTATGGCTCGCCCTTCTT,210,59.46123982697208,59.46123982697208,61.11111111111112,61.11111111111112,88.83564928567185,2.705553922626222,0,,,0,0
