pair_num,option,junction,junction_description,forward,reverse,amplicon_size,forward_tm,reverse_tm,forward_gc,reverse_gc,amplicon_tm,pair_penalty,indiv_als,other_transcripts,other_genes,pcod_trans,pcod_genes
Pair44,1,ENSE00003856928-ENSE00001484009,unique to target,TGAGAGAACATCCCTTTTAAGACTTA,CAGATTCTTCTGCAGGTTCAGA,211,57.79753913746276,57.79753913746276,34.61538461538461,34.61538461538461,80.57794222180365,10.137776192845765,0,,,0,0
Pair63,1,ENSE00003856928-ENSE00001484009,unique to target,TGAGAGAACATCCCTTTTAAGACTTA,GCAGGTTCAGAATTATAGGGTGG,200,57.79753913746276,57.79753913746276,34.61538461538461,34.61538461538461,80.42445880948138,10.34000342426384,0,,,0,0
Pair81,1,ENSE00003856928-ENSE00001484009,unique to target,TTGAGAGAACATCCCTTTTAAGACTTA,CAGATTCTTCTGCAGGTTCAGA,212,58.343193690391445,58.343193690391445,33.333333333333336,33.333333333333336,80.52077956419836,10.592121639917082,0,,,0,0
Pair82,1,ENSE00003856928-ENSE00001484009,unique to target,TGAGAGAACATCCCTTTTAAGACTTA,GGTTCAGAATTATAGGGTGGAGC,197,57.79753913746276,57.79753913746276,34.61538461538461,34.61538461538461,80.19042327648644,10.59272507382309,0,,,0,0
Pair94,1,ENSE00003856928-ENSE00001484009,unique to target,TGAGAGAACATCCCTTTTAAGACTTAT,CAGATTCTTCTGCAGGTTCAGA,211,58.173234657127296,58.173234657127296,33.333333333333336,33.333333333333336,80.57794222180365,10.76208067318123,0,,,0,0
Pair99,1,ENSE00003856928-ENSE00001484009,unique to target,TTGAGAGAACATCCCTTTTAAGACTTA,GCAGGTTCAGAATTATAGGGTGG,201,58.343193690391445,58.343193690391445,33.333333333333336,33.333333333333336,80.3649314462973,10.79434887133516,0,,,0,0
