pair_num,option,junction,junction_description,forward,reverse,amplicon_size,forward_tm,reverse_tm,forward_gc,reverse_gc,amplicon_tm,pair_penalty,indiv_als,other_transcripts,other_genes,pcod_trans,pcod_genes,Score
Pair0,1,ENSE00001735034-ENSE00003480468,"does NOT detect: ENST00000492508, ENST00000482352",GCTCGAATCACGGTTCTGAC,AAGCACGCCAGGCACTT,71,59.00719842522119,59.00719842522119,55.0,55.0,83.10734613342504,3.8489113015008334,0,,,0,0,80.75544349249583
Pair1,1,ENSE00001735034-ENSE00003480468,"does NOT detect: ENST00000492508, ENST00000482352",TTCAGGTATCGGGCTTTGGT,AAGCACGCCAGGCACTT,104,59.01116797625974,59.01116797625974,50.0,50.0,84.37292034794291,3.8528808525393856,0,,,0,0,80.73559573730307
Pair2,1,ENSE00001735034-ENSE00003480468,"does NOT detect: ENST00000492508, ENST00000482352",GTATCGGGCTTTGGTGCATT,AAGCACGCCAGGCACTT,99,58.89702158160742,58.89702158160742,50.0,50.0,84.34834769837026,3.944691294672225,0,,,0,0,80.27654352663887
Pair3,1,ENSE00001735034-ENSE00003480468,"does NOT detect: ENST00000492508, ENST00000482352",CAAAGGCTCGAATCACGGTT,AAGCACGCCAGGCACTT,76,58.84326391689552,58.84326391689552,50.0,50.0,83.22261670421823,3.99844895938412,0,,,0,0,80.0077552030794
Pair4,1,ENSE00001735034-ENSE00003480468,"does NOT detect: ENST00000492508, ENST00000482352",AAGGCTCGAATCACGGTTCT,AAGCACGCCAGGCACTT,74,59.39136011117671,59.39136011117671,50.0,50.0,83.06756691758947,4.233072987456353,0,,,0,0,78.83463506271823
Pair5,1,ENSE00001735034-ENSE00003480468,"does NOT detect: ENST00000492508, ENST00000482352",TCACAAAGGCTCGAATCACG,AAGCACGCCAGGCACTT,79,58.571551802467184,58.571551802467184,50.0,50.0,83.18097779682316,4.27016107381246,0,,,0,0,78.6491946309377
Pair6,1,ENSE00001735034-ENSE00003480468,"does NOT detect: ENST00000492508, ENST00000482352",AAAGGCTCGAATCACGGTTC,AAGCACGCCAGGCACTT,75,58.560321203621015,58.560321203621015,50.0,50.0,82.8727921428147,4.2813916726586285,0,,,0,0,78.59304163670686
Pair28,1,ENSE00003478955-ENSE00001940545,"does NOT detect: ENST00000492508, ENST00000482352",GAGCTCCACCTGGCACTTAA,AGCCAGGAACATGGACTGAA,66,59.67505708032144,59.67505708032144,55.0,55.0,79.86854971857228,0.7423522509417353,0,,,0,0,96.28823874529132
Pair29,1,ENSE00003478955-ENSE00001940545,"does NOT detect: ENST00000492508, ENST00000482352",GAGCTCCACCTGGCACTTAA,ACTGAAGTATCCAGCGCTCA,52,59.67505708032144,59.67505708032144,55.0,55.0,76.63253573255831,0.8612575547123242,0,,,0,0,95.69371222643838
