pair_num,option,junction,junction_description,forward,reverse,amplicon_size,forward_tm,reverse_tm,forward_gc,reverse_gc,amplicon_tm,pair_penalty,indiv_als,other_transcripts,other_genes,pcod_trans,pcod_genes
Pair10,1,ENSE00003481417-ENSE00003637733,targets all transcripts,TGTCACCGTGATCTCTTTGG,ATACCCCACAGCTGTCAGAG,150,57.544326475011815,57.544326475011815,50.0,50.0,83.59279214281472,1.654386435439278,0,,,0,0
Pair11,1,ENSE00003481417-ENSE00003637733,targets all transcripts,GTCACCGTGATCTCTTTGGT,ATACCCCACAGCTGTCAGAG,149,57.54263410242737,57.54263410242737,50.0,50.0,83.69435813834043,1.6560788080237216,0,,,0,0
Pair30,1,ENSE00003637733-ENSE00003629849,targets all transcripts,GGGAGTGAGTAGTTGCTGGT,ACCAACACCTCCGCAAATTA,143,59.02260482671505,59.02260482671505,55.0,55.0,84.33358468360724,1.30253937290081,0,,,0,0
Pair31,1,ENSE00003637733-ENSE00003629849,targets all transcripts,TTGCTGGTTTCCCTGAAAGC,ACCAACACCTCCGCAAATTA,131,58.96014351721476,58.96014351721476,50.0,50.0,83.59686338963405,1.3197910289709966,0,,,0,0
Pair32,1,ENSE00003637733-ENSE00003629849,targets all transcripts,AGGGAGTGAGTAGTTGCTGG,ACCAACACCTCCGCAAATTA,144,58.72909332009567,58.72909332009567,55.0,55.0,84.22334769837026,1.5508412260900857,0,,,0,0
Pair33,1,ENSE00003637733-ENSE00003629849,targets all transcripts,GCCTGAATGCCATCGATGTC,ACCAACACCTCCGCAAATTA,170,59.40980491186343,59.40980491186343,55.0,55.0,84.94769410359902,1.6897394580491891,0,,,0,0
Pair34,1,ENSE00003637733-ENSE00003629849,targets all transcripts,CCTGAATGCCATCGATGTCA,ACCAACACCTCCGCAAATTA,169,58.042331693366464,58.042331693366464,50.0,50.0,84.80265407575357,2.2376028528192933,0,,,0,0
Pair35,1,ENSE00003637733-ENSE00003629849,targets all transcripts,TGAGGGAGTGAGTAGTTGCT,ACCAACACCTCCGCAAATTA,146,57.68922089824383,57.68922089824383,50.0,50.0,84.28822593276905,2.590713647941925,0,,,0,0
