pair_num,option,junction,junction_description,forward,reverse,amplicon_size,forward_tm,reverse_tm,forward_gc,reverse_gc,amplicon_tm,pair_penalty,indiv_als,other_transcripts,other_genes,pcod_trans,pcod_genes
Pair21,2,ENSE00001375296-ENSE00001368267,unique to target,ACCGAGGAGTTTATGCTGCT,CAGCCGCACACACTTCATG,171,59.09464305682207,59.09464305682207,50.0,50.0,89.406827230534,1.886284606200036,0,,,0,0
Pair22,2,ENSE00001375296-ENSE00001368267,unique to target,ACCGAGGAGTTTATGCTGCT,AGCCGCACACACTTCATGA,170,59.09464305682207,59.09464305682207,50.0,50.0,89.28887057418726,2.0233439647057025,0,,,0,0
Pair23,2,ENSE00001375296-ENSE00001368267,unique to target,GACCGAGGAGTTTATGCTGC,CAGCCGCACACACTTCATG,172,58.7088683680492,58.7088683680492,55.0,55.0,89.52341229785347,2.0827731813287755,0,,,0,0
Pair24,2,ENSE00001375296-ENSE00001368267,unique to target,CCGAGGAGTTTATGCTGCTG,CAGCCGCACACACTTCATG,170,58.70607585605404,58.70607585605404,55.0,55.0,89.53004704477549,2.085565693323929,0,,,0,0
Pair25,2,ENSE00003479668-ENSE00001372585,unique to target,AGCTGCCTCAACTCGGTAG,TTGTTGGTCCTCGGGTTGTA,185,59.10621368499335,59.10621368499335,57.89473684210526,57.89473684210526,88.48648583650841,1.236130216511242,0,,,0,0
Pair26,2,ENSE00003479668-ENSE00001372585,unique to target,GCTGCCTCAACTCGGTAGA,TTGTTGGTCCTCGGGTTGTA,184,59.1091056673049,59.1091056673049,57.89473684210526,57.89473684210526,88.59532837469877,1.239022198822795,0,,,0,0
Pair27,2,ENSE00003479668-ENSE00001372585,unique to target,AGCTGCCTCAACTCGGTAG,GTTGGTCCTCGGGTTGTACT,183,59.10621368499335,59.10621368499335,57.89473684210526,57.89473684210526,88.70536044882564,1.4228018280482502,0,,,0,0
Pair28,2,ENSE00003479668-ENSE00001372585,unique to target,GCTGCCTCAACTCGGTAGA,GTTGGTCCTCGGGTTGTACT,182,59.1091056673049,59.1091056673049,57.89473684210526,57.89473684210526,88.81660166662422,1.4256938103598031,0,,,0,0
