pair_num,option,junction,junction_description,forward,reverse,amplicon_size,forward_tm,reverse_tm,forward_gc,reverse_gc,amplicon_tm,pair_penalty,indiv_als,other_transcripts,other_genes,pcod_trans,pcod_genes
Pair16,1,ENSE00000935280-ENSE00003641080,unique to target,CAGTTCTGTGGCCTTCTTGG,CCTCAACTCCTGCCACAATG,236,58.75792354606301,58.75792354606301,55.0,55.0,82.59505202982037,0.4133845338876654,0,,,0,0
Pair18,1,ENSE00000935280-ENSE00003641080,unique to target,CAGTTCTGTGGCCTTCTTGG,ACCTCAACTCCTGCCACAAT,237,58.75792354606301,58.75792354606301,55.0,55.0,82.53540817656999,0.4684319663226688,0,,,0,0
Pair23,1,ENSE00000935280-ENSE00003641080,unique to target,CAGTTCTGTGGCCTTCTTGG,GCCACAATGTACAGGATGCA,225,58.75792354606301,58.75792354606301,55.0,55.0,82.19279214281471,0.7046926000381859,0,,,0,0
Pair24,1,ENSE00000935280-ENSE00003641080,unique to target,CAGTTCTGTGGCCTTCTTGG,TGCCACAATGTACAGGATGC,226,58.75792354606301,58.75792354606301,55.0,55.0,82.13202518116279,0.7046926000381859,0,,,0,0
Pair26,1,ENSE00000935280-ENSE00003641080,unique to target,CAGTTCTGTGGCCTTCTTGG,AGTAACCTCAACTCCTGCCA,241,58.75792354606301,58.75792354606301,55.0,55.0,82.47190694226146,0.971662750144219,0,,,0,0
Pair28,1,ENSE00000935280-ENSE00003641080,unique to target,AGTTCTGTGGCCTTCTTGGG,CCTCAACTCCTGCCACAATG,235,59.888746506336986,59.888746506336986,55.0,55.0,82.48073540522604,1.060054586287663,0,,,0,0
Pair30,1,ENSE00000935280-ENSE00003641080,unique to target,AGTTCTGTGGCCTTCTTGGG,ACCTCAACTCCTGCCACAAT,236,59.888746506336986,59.888746506336986,55.0,55.0,82.42132321626104,1.1151020187226663,0,,,0,0
