pair_num,option,junction,junction_description,forward,reverse,amplicon_size,forward_tm,reverse_tm,forward_gc,reverse_gc,amplicon_tm,pair_penalty,indiv_als,other_transcripts,other_genes,pcod_trans,pcod_genes
Pair16,2,ENSE00001124039-ENSE00003591221,unique to target,GGTCATTGCTCTCACTTGCC,CAGCTGTCAGGTTGATGCTC,161,59.192503860167164,59.192503860167164,55.0,55.0,88.67063893370498,0.2775944779962174,0,,,0,0
Pair17,2,ENSE00001124039-ENSE00003591221,unique to target,GGTCATTGCTCTCACTTGCC,GATGCTCCATACCATGCTGC,148,59.192503860167164,59.192503860167164,55.0,55.0,88.50675610677868,0.3127384214271274,0,,,0,0
Pair18,2,ENSE00001124039-ENSE00003591221,unique to target,GGTCATTGCTCTCACTTGCC,TACATGCCAGCTGTCAGGTT,168,59.192503860167164,59.192503860167164,55.0,55.0,88.56064928567186,0.5000281198105654,0,,,0,0
Pair29,2,ENSE00001124039-ENSE00003591221,unique to target,CGGTCATTGCTCTCACTTGC,CAGCTGTCAGGTTGATGCTC,162,59.55456413019687,59.55456413019687,55.0,55.0,88.79896498232088,0.6396547480259187,0,,,0,0
Pair31,2,ENSE00001124039-ENSE00003591221,unique to target,CGGTCATTGCTCTCACTTGC,GATGCTCCATACCATGCTGC,149,59.55456413019687,59.55456413019687,55.0,55.0,88.64737827256863,0.6747986914568287,0,,,0,0
