pair_num,option,junction,junction_description,forward,reverse,amplicon_size,forward_tm,reverse_tm,forward_gc,reverse_gc,amplicon_tm,indiv_als,other_transcripts,other_genes,pcod_trans,pcod_genes,other_genes_rpred,other_transcripts_rpred,pair_score
Pair0,1,ENSMUSE00000630850-ENSMUSE00000553965,does NOT detect: ENSMUST00000182114,ACACAGCTTGTAGTAGTACCACT,AACCCAGATGGCGACCTC,195,58.84964079273914,58.84964079273914,43.47826086956522,43.47826086956522,89.98253573255829,0,,,0,0,0,0,84.35869624310935
Pair3,1,ENSMUSE00000630850-ENSMUSE00000553965,does NOT detect: ENSMUST00000182114,ACACAGCTTGTAGTAGTACCACT,AGATGGCGACCTCTGCTG,190,58.84964079273914,58.84964079273914,43.47826086956522,43.47826086956522,89.90156407263926,0,,,0,0,0,0,87.2367699391281
Pair18,1,ENSMUSE00001273110-ENSMUSE00001268642,does NOT detect: ENSMUST00000182114,GGGATTCTTTGTACTGGGGC,GCATCCAAGGAACTAAACGGA,179,58.236032101358774,58.236032101358774,55.0,55.0,83.88962640724674,0,,,0,0,0,0,0.0
Pair19,1,ENSMUSE00001273110-ENSMUSE00001268642,does NOT detect: ENSMUST00000182114,GGGATTCTTTGTACTGGGGC,AGCATCCAAGGAACTAAACGG,180,58.236032101358774,58.236032101358774,55.0,55.0,83.80390325392582,0,,,0,0,0,0,0.14594573337133868
Pair35,1,ENSMUSE00001298878-ENSMUSE00000466061,does NOT detect: ENSMUST00000182114,GCTGTAGATTGCTTATTATAGGGCA,GATACCAGCTCTGATGCCCT,218,58.826661222902544,58.826661222902544,40.0,40.0,83.00991752507771,0,,,0,0,0,0,86.50760187029186
Pair36,1,ENSMUSE00001298878-ENSMUSE00000466061,does NOT detect: ENSMUST00000182114,TGCTGTAGATTGCTTATTATAGGGC,GATACCAGCTCTGATGCCCT,219,58.826661222902544,58.826661222902544,40.0,40.0,82.94347707432156,0,,,0,0,0,0,86.50760187029186
Pair37,1,ENSMUSE00001298878-ENSMUSE00000466061,does NOT detect: ENSMUST00000182114,GCTGTAGATTGCTTATTATAGGGCA,TCGATACCAGCTCTGATGCC,220,58.826661222902544,58.826661222902544,40.0,40.0,83.06400426402682,0,,,0,0,0,0,94.93951109298794
Pair38,1,ENSMUSE00001298878-ENSMUSE00000466061,does NOT detect: ENSMUST00000182114,TGCTGTAGATTGCTTATTATAGGGC,TCGATACCAGCTCTGATGCC,221,58.826661222902544,58.826661222902544,40.0,40.0,82.99792034794291,0,,,0,0,0,0,94.93951109298794
Pair39,1,ENSMUSE00001298878-ENSMUSE00000466061,does NOT detect: ENSMUST00000182114,GCTGTAGATTGCTTATTATAGGGCA,TGTGTCCATCGATACCAGCT,228,58.826661222902544,58.826661222902544,40.0,40.0,83.2708623182533,0,,,0,0,0,0,100.0
