pair_num,option,junction,junction_description,forward,reverse,amplicon_size,forward_tm,reverse_tm,forward_gc,reverse_gc,amplicon_tm,pair_penalty,indiv_als,other_transcripts,other_genes,pcod_trans,pcod_genes
Pair3,2,ENSE00003514106-ENSE00001048397,"does NOT detect: ENST00000403389, ENST00000403463",CCTGCAGTGCTCTCTCAGTT,TTGCACTCCTGTTTCCAAGC,182,59.67897857831281,59.67897857831281,55.0,55.0,87.91550276552533,0.7109925256098109,0,,,0,0
Pair4,2,ENSE00003514106-ENSE00001048397,"does NOT detect: ENST00000403389, ENST00000403463",CCTGCAGTGCTCTCTCAGTT,TCCTTGCACTCCTGTTTCCA,185,59.67897857831281,59.67897857831281,55.0,55.0,88.04324259326516,0.8356697960770703,0,,,0,0
Pair6,2,ENSE00003514106-ENSE00001048397,"does NOT detect: ENST00000403389, ENST00000403463",CCTGCAGTGCTCTCTCAGTT,GGTCCTTGCACTCCTGTTTC,187,59.67897857831281,59.67897857831281,55.0,55.0,88.2722930340803,0.918325559019138,0,,,0,0
Pair7,2,ENSE00003514106-ENSE00001048397,"does NOT detect: ENST00000403389, ENST00000403463",CCTGCAGTGCTCTCTCAGTT,GCACTCCTGTTTCCAAGCAT,180,59.67897857831281,59.67897857831281,55.0,55.0,88.13168103170361,0.9302294031377868,0,,,0,0
Pair8,2,ENSE00003514106-ENSE00001048397,"does NOT detect: ENST00000403389, ENST00000403463",CCTGCAGTGCTCTCTCAGTT,TGGTCCTTGCACTCCTGTTT,188,59.67897857831281,59.67897857831281,55.0,55.0,88.16690561799201,1.1280650357541615,0,,,0,0
Pair9,2,ENSE00003514106-ENSE00001048397,"does NOT detect: ENST00000403389, ENST00000403463",CTGCAGTGCTCTCTCAGTTT,TTGCACTCCTGTTTCCAAGC,181,57.8331786914747,57.8331786914747,50.0,50.0,87.79647538406701,1.1988352558223028,0,,,0,0
Pair10,2,ENSE00003514106-ENSE00001048397,"does NOT detect: ENST00000403389, ENST00000403463",CTGCAGTGCTCTCTCAGTTT,TCCTTGCACTCCTGTTTCCA,184,57.8331786914747,57.8331786914747,50.0,50.0,87.9268501138292,1.3235125262895622,0,,,0,0
Pair11,2,ENSE00003514106-ENSE00001048397,"does NOT detect: ENST00000403389, ENST00000403463",CCTGCAGTGCTCTCTCAGTT,CCTTGCACTCCTGTTTCCAA,184,59.67897857831281,59.67897857831281,55.0,55.0,88.14967620078572,1.3701748830920335,0,,,0,0
